,PostID,post_text,extracted_date,month,year,Butterfly_Genus,Butterfly_Species,Butterfly_Common_Name,Location,lat,lon
0,9293253854030905,painted jezebel delias hyparete chittagong bangladesh,december 2024,12,2024.0,delias,hyparete,Painted Jezebel,Chittagong,22.4875,91.96333
1,9305674512788839,redspot jezebel delias descombesi coxs bazar 26 january,2025,2,2025.0,delias,descombesi,Red-Spot Jezebel,Coxs Bazar,21.44795,92.10732
2,9304821392874151,black paintbrush swift baoris unicolor  rangamati,january 2025,1,2025.0,baoris,unicolor,Paintbrush Swift,Rangamati,25.12721,88.77155
3,9299221866767437,caterpillar of a lime blue butterfly chilades lajus  chittagong,january 2025,1,2025.0,chilades,lajus,Lime Blue,Chittagong,22.4875,91.96333
4,9294485850574372,fluffy tit  chittagong,january 2025,1,2025.0,zeltus,amasa,Fluffy Tit,Chittagong,22.4875,91.96333
5,9295486070474350,common tit  chattagram,january 2025,1,2025.0,hypolycaena,erylus,Common Tit,Chittagong,22.4875,91.96333
6,9289757484380542,clipper  chattogram,january2025,1,2025.0,parthenos,sylvia,Clipper,Chittagong,22.4875,91.96333
7,9284685088221115,id 24 redspot jezebel delias descombesi chottogram 1 feb,2025,2,2025.0,delias,descombesi,Red-Spot Jezebel,Chittagong,22.4875,91.96333
8,9274126152610342,id 23 painted jezebel delias hyparete chattogram 29 dec,2025,2,2025.0,delias,hyparete,Painted Jezebel,Chittagong,22.4875,91.96333
9,9248844401805184,common pierrot  rangamati,december 2021,12,2021.0,castalius,rosimon,Common Pierrot,Rangamati,25.12721,88.77155
10,9242827539073537,id updated english name blue tiger scientific name tirumala limniace safari park gazipur,january 2025,1,2025.0,tirumala,limniace,Blue Tiger,Gazipur,24.27416,88.9543
11,9216087818414176,common pierrot hajarikhil chattagram,december 2024,12,2024.0,castalius,rosimon,Common Pierrot,Chittagong,22.4875,91.96333
12,9177039908985634,yellow pansy junonia hierta chattogram,january 2025,1,2025.0,junonia,hierta,Yellow Pansy,Chittagong,22.4875,91.96333
13,9182172678472357,id updated english name common fivering scientific name ypthima baldus lawachara national park kamalganj moulvibazar,november 2024,11,2024.0,ypthima,baldus,Common Fivering,Kamalganj,24.34,91.84
14,9177879255568366,english name common lascar scientific name pantoporia hordonia lawachara national park kamalganj moulvibazar,november 2024,11,2024.0,pantoporia,hordonia,Common Lascar,Kamalganj,24.34,91.84
15,9141775659178726,bamboo treebrown lethe europa kushtia 03 january,2025,2,2025.0,lethe,europa,Bamboo Treebrown,Kustia,23.2208,89.01826
16,9119929101363382,tailed jay dhaka,nov 2017,11,2017.0,graphium,agamemnon,Tailed Jay,Dhaka,23.7104,90.40744
17,9119353531420939,id delias eucharis the common jezebel jahangirnagar university,december 2024,12,2024.0,delias,eucharis,Common Jezebel,Jahangirpur,24.33652,90.43798
18,9102848219738137,name the grey pansy location laksam cumilla date 26 december  device realme 9pro 5g,2024,Unknown,2024.0,junonia,atlites,Grey Pansy,Laksam,23.23238,91.1608
19,9084423544913938,id 21 common pierrot castalius rosimon noakhali 5 dec,2024,Unknown,2024.0,castalius,rosimon,Common Pierrot,Noakhali,22.81763,91.08945
20,9078994785456814,redbase jezebel 24 december  akhaura brahmanbaria,2024,Unknown,2024.0,delias,pasithoe,Red-Base Jezebel,Akhaura,23.87243,91.20768
21,1221566417866396,some of my collection id 1 indian palm bob 2 dark plam dart 3 common red eye 4 borbo species 5 panarama species 6 either panarama pelopidas or borbo species 7 grass demono 8 either parnara bada or parnara apostata 9 indian palm bob 10 chestnutbob jessore bangladesh september and october,2016,Unknown,2016.0,borbo,bada,Indian Dart,Jessore,23.16971,89.21371
22,9067469953275964,chocolate royal moulvibazar,november 2024,11,2024.0,remelana,jangala,Chocolate Royal,Maulavi Bazar,24.48888,91.77075
23,9037771062912520,common palmfly elymnias hypermnestra noakhali,december 2024,12,2024.0,elymnias,hypermnestra,Common Palmfly,Noakhali,22.81763,91.08945
24,9033543410001952,id 20 common mormon female papilio polytes romulus chattogram 14 nov,2024,Unknown,2024.0,papilio,polytes,Common Mormon,Chittagong,22.4875,91.96333
25,9026746930681600,gram blue chapainawabganj,december 2024,12,2024.0,euchrysops,cnejus,Gram Blue,Chapai Nawabganj,24.59895,88.28339
26,9026701987352761,id 19 chocolate albatross appias lyncida chattogram 12 nov,2024,Unknown,2024.0,appias,lyncida,Chocolate Albatross,Chittagong,22.4875,91.96333
27,9020595384630088,id 18 tawny coster acraea terpsicore chattogram 14 dec,2024,Unknown,2024.0,acraea,terpsicore,Tawny Coster,Chittagong,22.4875,91.96333
28,9009990569023903,blackspotted pierrot  habigonj,december 2024,12,2024.0,tarucus,balkanica,Black-Spotted Pierrot,Habiganj,24.38044,91.41299
29,9009841715705455,id 16 common snow flat tagiades japetus chattogram 5 dec,2024,Unknown,2024.0,tagiades,japetus,Common Snow Flat,Chittagong,22.4875,91.96333
30,9004961456193481,id 15 psyche leptosia nina chattogram 5 dec,2024,Unknown,2024.0,leptosia,nina,Psyche,Chittagong,22.4875,91.96333
31,8998902146799412,rustic coxbazar,april 2024,4,2024.0,phalanta,phalantha,Rustic,Coxs Bazar,21.44795,92.10732
32,8982732921749668,id 13 lime blue chilades lajus noakhali 5 dec,2024,Unknown,2024.0,chilades,lajus,Lime Blue,Noakhali,22.81763,91.08945
33,8977667215589572,id 12 common baron euthalia aconthea noakhali 5 dec,2024,Unknown,2024.0,euthalia,aconthea,Common Baron,Noakhali,22.81763,91.08945
34,8976371682385792,common baron euthalia aconthea id credit mh oli thanks a lot dhaka 06 12,2024,Unknown,2024.0,euthalia,aconthea,Common Baron,Dhaka,23.7104,90.40744
35,8971055122917448,common wight moulvibazar,november 2024,11,2024.0,iton,semamora,Common Wight,Maulavi Bazar,24.48888,91.77075
36,8965834930106134,white cerulean jamides pura  moulvibazar,november 2023,11,2023.0,jamides,pura,White Cerulean,Maulavi Bazar,24.48888,91.77075
37,8961338387222455,light straw ace pithauria stramineipennis  moulvibazar,february 2024,2,2024.0,pithauria,stramineipennis,Light Straw Ace,Maulavi Bazar,24.48888,91.77075
38,8960782520611375,redspot jezebel sherpur,november 2024,11,2024.0,delias,descombesi,Red-Spot Jezebel,Sherpur,24.54317,90.65773
39,8960438407312453,common mormon snpapilio polytes brahmanbaria,may2020,5,2020.0,Papilio,polytes,Common Mormon,Brahmanbaria,24.40471,89.25853
40,8938920626130898,common pirrot 20 november  chittagong,2024,Unknown,2024.0,castalius,rosimon,Common Pierrot,Chittagong,22.4875,91.96333
41,8919004364789191,common gull cepora nerissa  rajshahi,october 2024,10,2024.0,cepora,nerissa,Common Gull,Rajshahi,24.374,88.60114
42,8918791251477169,id 10 common evening brown melanitis leda chattogram 25 nov,2024,Unknown,2024.0,melanitis,leda,Common Evening Brown,Chittagong,22.4875,91.96333
43,8911978905491737,common pirrot 21 november  chittagong,2024,Unknown,2024.0,castalius,rosimon,Common Pierrot,Chittagong,22.4875,91.96333
44,8911627555526872,lesser grass blue 20 november  chittagong,2024,Unknown,2024.0,zizina,otis,Lesser Grass Blue,Chittagong,22.4875,91.96333
45,8902322639790697,peacock pansy junonia almana chattogram,november 2024,11,2024.0,junonia,almana,Peacock Pansy,Chittagong,22.4875,91.96333
46,8900779853278309,pareronia valeria common wanderer chittagong,november 2024,11,2024.0,pareronia,valeria,Common Wanderer,Chittagong,22.4875,91.96333
47,8859617334061228,common wanderer pareronia valeria dhaka bangladesh,november 2024,11,2024.0,pareronia,valeria,Common Wanderer,Dhaka,23.7104,90.40744
48,8887519527937675,great eggfly cumilla,october 2024,10,2024.0,hypolimnas,bolina,Great Eggfly,Cumilla,23.4417,91.00987
49,8879902855366009,common quaker neopithecops zalmora  rajshahi,september 2024,9,2024.0,neopithecops,zalmora,Common Quaker,Rajshahi,24.374,88.60114
50,8882390135117281,common pierrot sherpur,october 2024,10,2024.0,castalius,rosimon,Common Pierrot,Sherpur,24.54317,90.65773
51,8880104505345844,id 8 common gull chattogram 12 nov,2024,Unknown,2024.0,cepora,nerissa,Common Gull,Chittagong,22.4875,91.96333
52,8877696372253324,common tit sherpur,october 2024,10,2024.0,hypolycaena,erylus,Common Tit,Sherpur,24.54317,90.65773
53,8874783969211231,common crow euploea core  rajshahi,november 2024,11,2024.0,euploea,core,Common Crow,Rajshahi,24.374,88.60114
54,8868229409866687,banded treebrown lethe confusa aurivillius 1898 banderban,oct 2021,10,2021.0,lethe,confusa,Banded Treebrown,Bandarban,22.19534,92.21946
55,8864088386947456,blue tiger tirumala limniace  rajshahi,november 2024,11,2024.0,tirumala,limniace,Blue Tiger,Rajshahi,24.374,88.60114
56,8846454562044172,great zebra common jay moulavibazar,aug 2017,8,2017.0,graphium,doson,Common Jay,Maulavi Bazar,24.48888,91.77075
57,8828390570517238,common jay graphium doson  rajshahi,october 2024,10,2024.0,graphium,doson,Common Jay,Rajshahi,24.374,88.60114
58,8826340670722228,common evening brown rajshahi,nov 2024,11,2024.0,melanitis,leda,Common Evening Brown,Rajshahi,24.374,88.60114
59,8814960965193532,id updated 2 common fivering ypthima baldus anowara chattogram november,2024,Unknown,2024.0,ypthima,baldus,Common Fivering,Anowara,22.24333,91.88
60,8801343149888647,id updated blue tiger white tiger sundarban crow the sundarbans,november 2024,11,2024.0,tirumala,limniace,Blue Tiger,Sundarbans,22.0,89.0
61,8802949129728049,common evening brown rajshahi university,nov 2024,11,2024.0,melanitis,leda,Common Evening Brown,Rajshahi,24.374,88.60114
62,8779854618704167,redspot jezebel lama banderban,jan 2018,1,2018.0,delias,descombesi,Red-Spot Jezebel,Lama,21.77439,92.21907
63,8779592615397034,chestnut bob iambrix salsala dhaka,november 2024,11,2024.0,iambrix,salsala,Chestnut Bob,Dhaka,23.7104,90.40744
64,8762830477073248,peacock royal ru rajshahi 31 october,2024,Unknown,2024.0,tajuria,cippus,Peacock Royal,Rajshahi,24.374,88.60114
65,8765374353485527,common evening brown jhenaidah,february 2024,2,2024.0,melanitis,leda,Common Evening Brown,Jhenaidah,23.5,89.16667
66,8750439974978965,blue imperial ticherra acte moulvibazar,sep 2024,9,2024.0,ticherra,acte,Blue Imperial,Maulavi Bazar,24.48888,91.77075
67,8743367859019510,common maplet chersonesia risa moulvibazar,sep 2024,9,2024.0,chersonesia,risa,Common Maplet,Maulavi Bazar,24.48888,91.77075
68,8736775189678777,166 chocolate royal remelana jangala moulvibazar sep,2024,Unknown,2024.0,remelana,jangala,Chocolate Royal,Maulavi Bazar,24.48888,91.77075
69,8716684478354515,common mormon papilio polytes  rajshahi,october 2024,10,2024.0,papilio,polytes,Common Mormon,Rajshahi,24.374,88.60114
70,8708438325845797,id update pointed ciliate blue anthene lycaenina location mirsarai chattogram,october 2024,10,2024.0,anthene,lycaenina,Pointed Ciliate Blue,Mirsarai,22.77852,91.56999
71,8708381759184787,peacock pansy pabna,october 2024,10,2024.0,junonia,almana,Peacock Pansy,Pabna,24.00644,89.2372
72,8701707746518855,plain tiger  narayanganj,may 2024,5,2024.0,danaus,chrysippus,Plain Tiger,Narayanganj,23.61352,90.50298
73,8698492490173714,gram blue euchrysops cnejus  uttara dhaka,july 2024,7,2024.0,euchrysops,cnejus,Gram Blue,Uttara,23.8667,90.4
74,8668447129844917,pale grass blue  shariatpur,jun 2024,6,2024.0,pseudozizeeria,maha,Pale Grass Blue,Shariatpur,23.25,90.36667
75,8668414969848133,gram blue  shariatpur,jun 2024,6,2024.0,euchrysops,cnejus,Gram Blue,Shariatpur,23.25,90.36667
76,8668264349863195,lime blue  shariatpur,jun 2024,6,2024.0,chilades,lajus,Lime Blue,Shariatpur,23.25,90.36667
77,8660815697274727,common evening brown melanitis leda dhaka,october 2024,10,2024.0,melanitis,leda,Common Evening Brown,Dhaka,23.7104,90.40744
78,750081661681543,brown lineblue chittagong bangladesh,august 2014,8,2014.0,prosotas,lutea,Brown Lineblue,Chittagong,22.4875,91.96333
79,8614285025261128,common albatros moulvibazar,october 2024,10,2024.0,appias,albina,Common Albatross,Maulavi Bazar,24.48888,91.77075
80,8622114334478197,common albatross  moulvibazar,october 2024,10,2024.0,appias,albina,Common Albatross,Maulavi Bazar,24.48888,91.77075
81,8614514521904845,body colour of mottled emigrants caterpillar rajshahi,oct 2024,10,2024.0,catopsilia,pyranthe,Mottled Emigrant,Rajshahi,24.374,88.60114
82,8604676376221993,common crow  hws chattogram,september 2024,9,2024.0,euploea,core,Common Crow,Chittagong,22.4875,91.96333
83,8604423016247329,chestnut angle  moulvibazar,october 2024,10,2024.0,odontoptilum,angulata,Chestnut Angle,Maulavi Bazar,24.48888,91.77075
84,8604067529616211,common grass yellow  moulvibazar,october 2024,10,2024.0,eurema,hecabe,Common Grass Yellow,Maulavi Bazar,24.48888,91.77075
85,8584259361597028,common red forester  moulvibazar,september 2024,9,2024.0,lethe,mekara,Common Red Forester,Maulavi Bazar,24.48888,91.77075
86,8585709928118638,common tit  kulaura,september 2024,9,2024.0,hypolycaena,erylus,Common Tit,Kulaura,24.53333,92.05
87,8575758372447127,forest hopper nectaring from mussaenda  university of chittagong,september 2024,9,2024.0,astictopterus,jama,Forest Hopper,Chittagong,22.4875,91.96333
88,8538410062848625,common mime  rangpur,september 2024,9,2024.0,papilio,clytia,Common Mime,Rangpur,25.74664,89.25166
89,8535239296499035,papilio polytes linnaeus 1758 common mormon sherpur august,2024,Unknown,2024.0,papilio,polytes,Common Mormon,Sherpur,24.54317,90.65773
90,8526765750679723,indian palm bob sherpur,sep 2024,9,2024.0,suastus,gremius,Indian Palm Bob,Sherpur,24.54317,90.65773
91,8499885106701121,grey pansy rajshahi,september 2024,9,2024.0,junonia,atlites,Grey Pansy,Rajshahi,24.374,88.60114
92,8486317258057906,common raven papilio castor lama banderban,nov 2014,11,2014.0,papilio,castor,Common Raven,Lama,21.77439,92.21907
93,8473597675996531,ceylon swift parnara bada id suggested by arunavo bruno naogaon,september 2024,9,2024.0,parnara,bada,Ceylon Swift,Naogaon,24.58219,90.20251
94,8468574766498822,plain tiger butterfly ramna park,dhaka 2017,Unknown,2017.0,danaus,chrysippus,Plain Tiger,Ramna,22.22467,90.06621
95,8446332625389703,brown lineblue moulvibazar,september 2024,9,2024.0,prosotas,lutea,Brown Lineblue,Maulavi Bazar,24.48888,91.77075
96,8435622099794089,lemon pansy date march 15  nbg dhaka,2024,Unknown,2024.0,junonia,lemonias,Lemon Pansy,Dhaka,23.7104,90.40744
97,8408922309130735,pelopidas assamensis great swift  university of chittagong,september 2024,9,2024.0,pelopidas,assamensis,Great Swift,Chittagong,22.4875,91.96333
98,8416551325034500,common jay  sreemangal,september 2024,9,2024.0,graphium,doson,Common Jay,Srimangal,24.30652,91.72955
99,8416458821710417,common bluebottle  sreemangal,september 2024,9,2024.0,graphium,sarpedon,Common Bluebottle,Srimangal,24.30652,91.72955
100,8391924080830558,lemon pansy coxs bazar,june 2021,6,2021.0,junonia,lemonias,Lemon Pansy,Coxs Bazar,21.44795,92.10732
101,8401397429883223,constable common birdwing common jay tawny rajah common banded demon great mormon common maplet common rose  moulvibazar,september 2024,9,2024.0,graphium,doson,Common Jay,Maulavi Bazar,24.48888,91.77075
102,8400737559949210,orchid tit  moulvibazar,september 2024,9,2024.0,hypolycaena,othona,Orchid Tit,Maulavi Bazar,24.48888,91.77075
103,8400517606637872,plains cupid luthrodes pandava rajshahi,september 2024,9,2024.0,luthrodes,pandava,Plains Cupid,Rajshahi,24.374,88.60114
104,8376585875697712,mottled emigrant  rajshahi,september 2024,9,2024.0,catopsilia,pyranthe,Mottled Emigrant,Rajshahi,24.374,88.60114
105,8363985906957709,indian grizzled skipper spialia galba  rajshahi,september 2024,9,2024.0,spialia,galba,Indian Grizzled Skipper,Rajshahi,24.374,88.60114
106,8334429489913351,great eggfly female pabna,jun2024,6,2024.0,hypolimnas,bolina,Great Eggfly,Pabna,24.00644,89.2372
107,8269222269767407,common mime nbg dhaka 26aug2024,2024-08-26,8,2024.0,papilio,clytia,Common Mime,Dhaka,23.7104,90.40744
108,8239164082773226,mottled emigrant  kurigram,august 2024,8,2024.0,catopsilia,pyranthe,Mottled Emigrant,Kurigram,25.75,89.66667
109,839054602784248,common grass yellow  mirpur dhaka,february 6 2015,2,Unknown,eurema,hecabe,Common Grass Yellow,Mirpur,25.01039,89.39468
110,7956966114326359,tawny coster scientific name acraea terpsicore  chittagong,april 2024,4,2024.0,acraea,terpsicore,Tawny Coster,Chittagong,22.4875,91.96333
111,7939848796038091,clipper habiganj sylhet,march2024,3,2024.0,parthenos,sylvia,Clipper,Habiganj,24.38044,91.41299
112,7925960060760298,1 blue king crow habigang apr 24 2 blue spotted crow coxs bazar feb 15 3brown king crow habiganj december  4 common crow dhaka may 2013 5 longbranded blue crow moulvibazar february 2018 6 magpie crow bandarban july 2018 7 striped black crow coxs bazar jun 2015 8 striped blue crow bandarban july 2018 9 sundarban crow sundarbans november 2020,2023,Unknown,2023.0,euploea,core,Common Crow,Coxs Bazar,21.44795,92.10732
113,7924287660927538,striped albatross  shariatpur,jun 2024,6,2024.0,appias,olferna,Striped Albatross,Shariatpur,23.25,90.36667
114,7921166661239638,painted jezebel chittagong,june 2023,6,2023.0,delias,hyparete,Painted Jezebel,Chittagong,22.4875,91.96333
115,7914515288571442,pale grass blue  kurigram,june 2024,6,2024.0,pseudozizeeria,maha,Pale Grass Blue,Kurigram,25.75,89.66667
116,7897632450259726,pale grass blue chauddagram cumilla,june 2024,6,2024.0,pseudozizeeria,maha,Pale Grass Blue,Chauddagram,23.22444,91.37307
117,7865017483521223,great eggfly laying eggs kishorganj,15 june 2024,6,2024.0,hypolimnas,bolina,Great Eggfly,Kishoregonj,24.41667,90.95
118,7832519320104373,common albatross  moulvibazar,april 2024,4,2024.0,appias,albina,Common Albatross,Maulavi Bazar,24.48888,91.77075
119,7830189283670710,common jezebel  rajshahi,june2024,6,2024.0,delias,eucharis,Common Jezebel,Rajshahi,24.374,88.60114
120,7803957732960532,courtesan  moulvibazar,march 2024,3,2024.0,euripus,nyctelius,Courtesan,Maulavi Bazar,24.48888,91.77075
121,7802978113058494,common mime papilio clytia chattogram,june 2024,6,2024.0,papilio,clytia,Common Mime,Chittagong,22.4875,91.96333
122,7800014150021557,common wight  moulvibazar,march 2024,3,2024.0,iton,semamora,Common Wight,Maulavi Bazar,24.48888,91.77075
123,7767825223240450,acraea terpsicore tawny coster rajshahi 26 may,2024,Unknown,2024.0,acraea,terpsicore,Tawny Coster,Rajshahi,24.374,88.60114
124,7752101834812789,id update common crow location chattogram bangladesh,may 2024,5,2024.0,euploea,core,Common Crow,Chittagong,22.4875,91.96333
125,7724068140949492,common yeoman coxs bazar,april 2024,4,2024.0,cirrochroa,tyche,Common Yeoman,Coxs Bazar,21.44795,92.10732
126,7706824689340504,common bluebottle sylhet division,march 2024,3,2024.0,graphium,sarpedon,Common Bluebottle,Sylhet,24.89904,91.87198
127,6958981864124794,white tiger blue tiger  sundarban,october 2023,10,2023.0,tirumala,limniace,Blue Tiger,Sundarbans,22.0,89.0
128,7689720357717604,silverstreak blue  moulvibazar,december 2023,12,2023.0,iraota,timoleon,Silverstreak Blue,Maulavi Bazar,24.48888,91.77075
129,7685816401441333,chestnut angle odontoptilum angulata moulavibazar,march 2024,3,2024.0,odontoptilum,angulata,Chestnut Angle,Maulavi Bazar,24.48888,91.77075
130,7679907192032254,branded orange awlet bibasis oedipodea moulovibazar,march 2024,3,2024.0,bibasis,oedipodea,Orange Awlet,Maulavi Bazar,24.48888,91.77075
131,7673837875972519,guess the number of individual caterpillar of plain tiger sreepur gazipur 6th may24,2024-05-06,6,2024.0,danaus,chrysippus,Plain Tiger,Sripur,24.96667,88.95
132,7670630409626599,redspot jezebel delias descombesi moulovibazar,december 2023,12,2023.0,delias,descombesi,Red-Spot Jezebel,Maulavi Bazar,24.48888,91.77075
133,7661295383893435,id updated common name dark cerulean scientific name jamides bochus rajshahi,may 2024,5,2024.0,jamides,bochus,Common Cerulean,Rajshahi,24.374,88.60114
134,7646957938660513,tailed jay graphium agamemnon moulovibazar,march 2024,3,2024.0,graphium,agamemnon,Tailed Jay,Maulavi Bazar,24.48888,91.77075
135,7639775089378798,english name common grass yellow scientific name eurema hecabe  rajshahi,april 2024,4,2024.0,eurema,hecabe,Common Grass Yellow,Rajshahi,24.374,88.60114
136,7587612051261769,english name lime blue scientific name chilades lajus  rajshahi,april 2024,4,2024.0,chilades,lajus,Lime Blue,Rajshahi,24.374,88.60114
137,7554748354548139,eid mubarak blue mormon papilio polymnestor chandpur,april 2024,4,2024.0,papilio,polymnestor,Blue Mormon,Chandpur,25.93036,88.38368
138,7551079214915053,gram blue shot on 60d with 55250mm  rajshahi bangladesh,feb 2024,2,2024.0,euchrysops,cnejus,Gram Blue,Rajshahi,24.374,88.60114
139,7550593668296941,common palmfly  noakhali,december 2023,12,2023.0,elymnias,hypermnestra,Common Palmfly,Noakhali,22.81763,91.08945
140,7550360171653624,common map moulovibazar,march 2024,3,2024.0,cyrestis,thyodamas,Common Map,Maulavi Bazar,24.48888,91.77075
141,7529142547108720,common emigrant kishoreganj,april 2024,4,2024.0,catopsilia,pomona,Common Emigrant,Kishoregonj,24.41667,90.95
142,7503434926346149,chocolate albatross snp habigonj,march 2024,3,2024.0,appias,lyncida,Chocolate Albatross,Habiganj,24.38044,91.41299
143,7493811580641817,tawny coster  dhaka,march 2024,3,2024.0,acraea,terpsicore,Tawny Coster,Dhaka,23.7104,90.40744
144,7476259725730336,english name common jezebel scientific name delias eucharis  jhenaidah,22th march 2024,3,2024.0,delias,eucharis,Common Jezebel,Jhenaidah,23.5,89.16667
145,7104881256201520,blackspotted pierrot  g dhaka,december 2023,12,2023.0,tarucus,balkanica,Black-Spotted Pierrot,Dhaka,23.7104,90.40744
146,7469894593033516,bamboo treebrown nbg dhaka,march 2024,3,2024.0,lethe,europa,Bamboo Treebrown,Dhaka,23.7104,90.40744
147,7461214017234907,common lineblue  habiganj,december 2023,12,2023.0,prosotas,nora,Common Lineblue,Habiganj,24.38044,91.41299
148,7460913160598326,lime blue  moulvibazar,december 2023,12,2023.0,chilades,lajus,Lime Blue,Maulavi Bazar,24.48888,91.77075
149,7454027761286866,common lascar  habiganj,december 2023,12,2023.0,pantoporia,hordonia,Common Lascar,Habiganj,24.38044,91.41299
150,7453970054625970,chocolate albatross  habiganj,december 2023,12,2023.0,appias,lyncida,Chocolate Albatross,Habiganj,24.38044,91.41299
151,7453343048022004,tawny coster hathazari,march 2024,3,2024.0,acraea,terpsicore,Tawny Coster,Hathazari,22.50515,91.81339
152,7449638848392424,id updated common lascar  sherpur mymensing div,february 2024,2,2024.0,pantoporia,hordonia,Common Lascar,Sherpur,24.54317,90.65773
153,7452537448102564,common pierrot mongla bagerhat 11 november,2020,Unknown,2020.0,castalius,rosimon,Common Pierrot,Mongla,22.49015,89.59197
154,7449535931736049,id brown lineblue sylhet division,march 2024,3,2024.0,prosotas,lutea,Brown Lineblue,Sylhet,24.89904,91.87198
155,7449418565081119,common map  moulvibazar,march 2024,3,2024.0,cyrestis,thyodamas,Common Map,Maulavi Bazar,24.48888,91.77075
156,7448923618463947,common bluebottle  moulvibazar,march 2024,3,2024.0,graphium,sarpedon,Common Bluebottle,Maulavi Bazar,24.48888,91.77075
157,7445142848842024,common grass yellow mongla bagerhat 14 march,2024,Unknown,2024.0,eurema,hecabe,Common Grass Yellow,Mongla,22.49015,89.59197
158,7440389712650671,english name common grass yellow scientific name eurema hecabe  hathazari chottogram,november 2023,11,2023.0,eurema,hecabe,Common Grass Yellow,Hathazari,22.50515,91.81339
159,7436923169663992,common baron mongla bagerhat 12 march,2024,Unknown,2024.0,euthalia,aconthea,Common Baron,Mongla,22.49015,89.59197
160,7433880263301616,the rustic chittagong,march 2024,3,2024.0,phalanta,phalantha,Rustic,Chittagong,22.4875,91.96333
161,567105806645797,id common nawab taken at modhupur national park tangail,june 2013,6,2013.0,polyura,athamas,Common Nawab,Modhupur,25.32983,89.49086
162,7422891884400454,id updated common nawab  habiganj,feb 2024,2,2024.0,polyura,athamas,Common Nawab,Habiganj,24.38044,91.41299
163,7401215703234739,updated id common red forester  chittagong,february 2024,2,2024.0,lethe,mekara,Common Red Forester,Chittagong,22.4875,91.96333
164,7396756440347332,english name mottled emigrant scientific name catopsilia pyranthe  chottogram,november2023,11,2023.0,catopsilia,pyranthe,Mottled Emigrant,Chittagong,22.4875,91.96333
165,7383254781697498,the clipper snp habigonj,february 2024,2,2024.0,parthenos,sylvia,Clipper,Habiganj,24.38044,91.41299
166,7371413852881591,common bluebottle i graphium sarpedon hazarikhil wildlife sanctuary i,february 2024,2,2024.0,graphium,sarpedon,Common Bluebottle,Hazarikhil Wildlife Sanctuary,22.7059,91.6909
167,7367823889907254,jamides celeno common cerulean moulovibazar,december 2023,12,2023.0,jamides,celeno,Common Cerulean,Maulavi Bazar,24.48888,91.77075
168,7349777078378602,popinjay stibochiona nicea sreemangal bangladesh,december 2023,12,2023.0,stibochiona,nicea,Popinjay,Srimangal,24.30652,91.72955
169,7302364006453243,common evening brown chottogram 190124,2024-01-19,1,2024.0,melanitis,leda,Common Evening Brown,Chittagong,22.4875,91.96333
170,7293427274013583,common name common baron scientific name euthalia aconthea family nymphalidae february 06  rajshahi,2024,Unknown,2024.0,euthalia,aconthea,Common Baron,Rajshahi,24.374,88.60114
171,7258343477521963,common emigrant  dhaka,december 2023,12,2023.0,catopsilia,pomona,Common Emigrant,Dhaka,23.7104,90.40744
172,7234800569876254,common jezebel delias eucharis diabari dhaka,january 2024,1,2024.0,delias,eucharis,Common Jezebel,Diabari,24.48158,90.06873
173,7230929723596672,painted jezebel delias hyparete sylhet bangladesh,december 2023,12,2023.0,delias,hyparete,Painted Jezebel,Sylhet,24.89904,91.87198
174,7228149630541348,delias eucharis the common jezebel drury 1773 akhaura january,2024,Unknown,2024.0,delias,eucharis,Common Jezebel,Akhaura,23.87243,91.20768
175,7190654207624224,leopard lacewing jahangirnagar university,nov 2023,11,2023.0,cethosia,cyane,Leopard Lacewing,Jahangirpur,24.33652,90.43798
176,7183297425026569,common quaker madhupur national park,6th january 2024,1,2024.0,neopithecops,zalmora,Common Quaker,Madhupur,24.16062,90.73278
177,6996934743662839,common jezebel dhaka,november 2023,11,2023.0,delias,eucharis,Common Jezebel,Dhaka,23.7104,90.40744
178,6992176170805363,tailed jay dhaka,november 2023,11,2023.0,graphium,agamemnon,Tailed Jay,Dhaka,23.7104,90.40744
179,7181535625202749,common name psyche scientific name leptosia nina jhenaidah,20th december 2023,12,2023.0,leptosia,nina,Psyche,Jhenaidah,23.5,89.16667
180,7057840804238899,common lascar sreemongol,nov 2023,11,2023.0,pantoporia,hordonia,Common Lascar,Srimangal,24.30652,91.72955
181,7179508595405452,delias eucharis the common jezebel drury 1773 akhaura 5 jan,2023,Unknown,2023.0,delias,eucharis,Common Jezebel,Akhaura,23.87243,91.20768
182,7169494693073509,white cerulean  moulvibazar,december 2023,12,2023.0,jamides,pura,White Cerulean,Maulavi Bazar,24.48888,91.77075
183,7169335939756051,popinjay  moulvibazar,december 2023,12,2023.0,stibochiona,nicea,Popinjay,Maulavi Bazar,24.48888,91.77075
184,7169321486424163,common lascar  moulvibazar,december 2023,12,2023.0,pantoporia,hordonia,Common Lascar,Maulavi Bazar,24.48888,91.77075
185,7169255169764128,common albatross  moulvibazar,december 2023,12,2023.0,appias,albina,Common Albatross,Maulavi Bazar,24.48888,91.77075
186,7165591226797189,common acacia blue moulovibazar,dec 2023,12,2023.0,surendra,quercetorum,Common Acacia Blue,Maulavi Bazar,24.48888,91.77075
187,7161775113845467,chocolate pansy madhobkunda sylhet,december 2023,12,2023.0,junonia,iphita,Chocolate Pansy,Sylhet,24.89904,91.87198
188,7155166257839686,the clipper parthenos sylvia moulovibazar,dec 2023,12,2023.0,parthenos,sylvia,Clipper,Maulavi Bazar,24.48888,91.77075
189,7131411746881804,common jezebel  rajshahi bangladesh,14th december 2023,12,2023.0,delias,eucharis,Common Jezebel,Rajshahi,24.374,88.60114
190,7140200122669633,common jezebel rajshahi,dec 2023,12,2023.0,delias,eucharis,Common Jezebel,Rajshahi,24.374,88.60114
191,7076250542397925,pieris melete asian green veined white niphanda cymbia small pointed pierrot both are probably recorded for the first time in bangladesh thanks amit da bruno mh oli vai for the confirmation rangamati,december 2023,12,2023.0,pieris,sp.,Veined Pierrot,Rangamati,25.12721,88.77155
192,7134313219924990,common jezebel  rajshahi bangladesh,12th december 2023,12,2023.0,delias,eucharis,Common Jezebel,Rajshahi,24.374,88.60114
193,7130265053663140,common jezebel rajshahi 24 dec,2023,Unknown,2023.0,delias,eucharis,Common Jezebel,Rajshahi,24.374,88.60114
194,7126448950711417,common maplet rangamati  better view,dec 2023,12,2023.0,chersonesia,risa,Common Maplet,Rangamati,25.12721,88.77155
195,7124219250934387,redspot jezebel chittagong bangladesh,december 2023,12,2023.0,delias,descombesi,Red-Spot Jezebel,Chittagong,22.4875,91.96333
196,7115854658437513,common tit sherpur,december2023,12,2023.0,hypolycaena,erylus,Common Tit,Sherpur,24.54317,90.65773
197,7115289518494027,banded ace rangamati,december2023,12,2023.0,pithauria,marsena,Banded Ace,Rangamati,25.12721,88.77155
198,7111410872215225,courtesan euripus nyctelius sreemongol,nov 2023,11,2023.0,euripus,nyctelius,Courtesan,Srimangal,24.30652,91.72955
199,7111376568885322,common tit chauddagram cumilla,december 2023,12,2023.0,hypolycaena,erylus,Common Tit,Chauddagram,23.22444,91.37307
200,7107917072564605,id common grass yellow  rajshahi,december 2023,12,2023.0,eurema,hecabe,Common Grass Yellow,Rajshahi,24.374,88.60114
201,7107130515976594,lesser grass blue chapainawabganj,december 2023,12,2023.0,zizina,otis,Lesser Grass Blue,Chapai Nawabganj,24.59895,88.28339
202,7103411683015144,common mime sherpur,december 2023,12,2023.0,papilio,clytia,Common Mime,Sherpur,24.54317,90.65773
203,7103080616381584,common tit sherpur,december 2023,12,2023.0,hypolycaena,erylus,Common Tit,Sherpur,24.54317,90.65773
204,7103220249700954,common quaker sherpur,december 2023,12,2023.0,neopithecops,zalmora,Common Quaker,Sherpur,24.54317,90.65773
205,7099094900113489,common jezebel 14 december  rajshahi,2023,Unknown,2023.0,delias,eucharis,Common Jezebel,Rajshahi,24.374,88.60114
206,7095459660477013,common jezebel ramna dhaka,december 2023,12,2023.0,delias,eucharis,Common Jezebel,Ramna,22.22467,90.06621
207,7092989807390665,lesser grass blue farmgate dhaka,december 2023,12,2023.0,zizina,otis,Lesser Grass Blue,Dhaka,23.7104,90.40744
208,7091958660827113,updated id popinjay  moulvibazar,november 2023,11,2023.0,stibochiona,nicea,Popinjay,Maulavi Bazar,24.48888,91.77075
209,7078319118857734,common lineblue  moulvibazar,december 2023,12,2023.0,prosotas,nora,Common Lineblue,Maulavi Bazar,24.48888,91.77075
210,7078380898851556,common jezebel rajshahi,december 2023,12,2023.0,delias,eucharis,Common Jezebel,Rajshahi,24.374,88.60114
211,7078270685529244,banded ace  moulvibazar,december 2023,12,2023.0,pithauria,marsena,Banded Ace,Maulavi Bazar,24.48888,91.77075
212,7065682053454774,id common evening brown date 30 november  location rajshahi,2023,Unknown,2023.0,melanitis,leda,Common Evening Brown,Rajshahi,24.374,88.60114
213,7066123700077276,great eggfly chapainawabganj,november 2023,11,2023.0,hypolimnas,bolina,Great Eggfly,Chapai Nawabganj,24.59895,88.28339
214,7062530107103302,pointed ciliate blue 10 december  jahangirnagar university,2021,Unknown,2021.0,anthene,lycaenina,Pointed Ciliate Blue,Jahangirpur,24.33652,90.43798
215,7058800987476214,summersault common jezebel dhaka,november 2023,11,2023.0,delias,eucharis,Common Jezebel,Dhaka,23.7104,90.40744
216,7054773064545673,silverstreak blue moulvibazar,december 2023,12,2023.0,iraota,timoleon,Silverstreak Blue,Maulavi Bazar,24.48888,91.77075
217,7053270441362602,redbase jezebel delias pasithoe moulvibazar bangladesh,december 1 2023,12,Unknown,delias,pasithoe,Red-Base Jezebel,Maulavi Bazar,24.48888,91.77075
218,7053151908041122,id update common evening brown dhaka 4dec2023,2023-12-04,4,2023.0,melanitis,leda,Common Evening Brown,Dhaka,23.7104,90.40744
219,7050263131663333,common mime moulvibazar,december 2023,12,2023.0,papilio,clytia,Common Mime,Maulavi Bazar,24.48888,91.77075
220,7050214181668228,chocolate albatross appias lyncida sreemongol,nov 2023,11,2023.0,appias,lyncida,Chocolate Albatross,Srimangal,24.30652,91.72955
221,7050130051676641,id common bluebottle moulovibazar,december 2023,12,2023.0,graphium,sarpedon,Common Bluebottle,Maulavi Bazar,24.48888,91.77075
222,7047588445264135,common tit moulvibazar,december 2023,12,2023.0,hypolycaena,erylus,Common Tit,Maulavi Bazar,24.48888,91.77075
223,7039133012776345,common maplet chersonesia risa habiganj,november 2023,11,2023.0,chersonesia,risa,Common Maplet,Habiganj,24.38044,91.41299
224,7033344576688522,chocolate albatross appias lyncida  habiganj,november 2023,11,2023.0,appias,lyncida,Chocolate Albatross,Habiganj,24.38044,91.41299
225,7030798160276497,id update blue tiger dhaka,november 2023,11,2023.0,tirumala,limniace,Blue Tiger,Dhaka,23.7104,90.40744
226,7030808040275509,popinjay moulvibazar,november 2023,11,2023.0,stibochiona,nicea,Popinjay,Maulavi Bazar,24.48888,91.77075
227,7028989083790738,common jezebel savar dhaka  d5300 55200,november 2023,11,2023.0,delias,eucharis,Common Jezebel,Savar,24.33724,89.99715
228,7027371197285860,common wanderer ju savar dhaka 24nov2023,2023-11-24,11,2023.0,pareronia,valeria,Common Wanderer,Savar,24.33724,89.99715
229,7025290387493941,the tawny coster acraea terpsicore jahangirnagar university,2021,Unknown,2021.0,acraea,terpsicore,Tawny Coster,Jahangirpur,24.33652,90.43798
230,7019720724717574,chocolate royal moulovibazar,november 2023,11,2023.0,remelana,jangala,Chocolate Royal,Maulavi Bazar,24.48888,91.77075
231,7021039241252389,id grey pansy dhaka,november 2023,11,2023.0,junonia,atlites,Grey Pansy,Dhaka,23.7104,90.40744
232,7017598254929821,common map sc cyrestis thyodamas  moulvibazar,november 2023,11,2023.0,cyrestis,thyodamas,Common Map,Maulavi Bazar,24.48888,91.77075
233,7016648985024748,english name lime blue scientific name chilades lajus  rajshahi,november 2023,11,2023.0,chilades,lajus,Lime Blue,Rajshahi,24.374,88.60114
234,7012897632066550,common jay  dhaka,november 2023,11,2023.0,graphium,doson,Common Jay,Dhaka,23.7104,90.40744
235,6987544641268516,common wanderer female philomela form  jahangirnagar university dhaka bangladesh,february 2023,2,2023.0,pareronia,valeria,Common Wanderer,Jahangirpur,24.33652,90.43798
236,7008257079197272,id common jezebel 211123 narsingdi,2023-11-21,11,2023.0,delias,eucharis,Common Jezebel,Narsingdi,23.92298,90.71768
237,7000474973308816,blue tiger  sundarban,october 2023,10,2023.0,tirumala,limniace,Blue Tiger,Sundarbans,22.0,89.0
238,6995812540441726,grey pansy dhaka,november 2023,11,2023.0,junonia,atlites,Grey Pansy,Dhaka,23.7104,90.40744
239,6988248541198126,leptosia nina the psyche dhaka,november 2023,11,2023.0,leptosia,nina,Psyche,Dhaka,23.7104,90.40744
240,6979565255399788,id confirmation please obscured branded swift 14 november  jhenaidah,2023,Unknown,2023.0,pelopidas,agna,Obscure Branded Swift,Jhenaidah,23.5,89.16667
241,6987871521235828,id papilio polytes the common mormon dhaka  canon 7d mark ii jhn,october2023,10,2023.0,papilio,polytes,Common Mormon,Dhaka,23.7104,90.40744
242,6977701108919536,blue tiger white tiger  sundarban,october 2023,10,2023.0,tirumala,limniace,Blue Tiger,Sundarbans,22.0,89.0
243,6977577848931862,id common wanderer dhaka  canon 7d mark ii jhn,october 2023,10,2023.0,pareronia,valeria,Common Wanderer,Dhaka,23.7104,90.40744
244,6948100175212963,common evening brown rajshahi,november 2023,11,2023.0,melanitis,leda,Common Evening Brown,Rajshahi,24.374,88.60114
245,6948024715220509,plain tiger butterfly danaus chrysippus chandpur,oct 2023,10,2023.0,danaus,chrysippus,Plain Tiger,Chandpur,25.93036,88.38368
246,6946072708749043,id updated common mime dhaka,june 2022,6,2022.0,papilio,clytia,Common Mime,Dhaka,23.7104,90.40744
247,6939113256111655,common evening brown date  mirpur 13 dhaka,october 2023,10,2023.0,melanitis,leda,Common Evening Brown,Mirpur,25.01039,89.39468
248,6927237727299208,plain tiger  dhaka,october 2023,10,2023.0,danaus,chrysippus,Plain Tiger,Dhaka,23.7104,90.40744
249,6927097730646541,lesser grass blue  dhaka,october 2023,10,2023.0,zizina,otis,Lesser Grass Blue,Dhaka,23.7104,90.40744
250,6920811827941798,lesser grass blue zizina otis  shariatpur,october 2023,10,2023.0,zizina,otis,Lesser Grass Blue,Shariatpur,23.25,90.36667
251,6918815934808054,tailed jay nbg dhaka,october 2023,10,2023.0,graphium,agamemnon,Tailed Jay,Dhaka,23.7104,90.40744
252,6905462722810042,id updated common crow habiganj,october 2023,10,2023.0,euploea,core,Common Crow,Habiganj,24.38044,91.41299
253,6905459102810404,id updated common tit habiganj,october 2023,10,2023.0,hypolycaena,erylus,Common Tit,Habiganj,24.38044,91.41299
254,6904406299582351,id updated stripped tiger habiganj,october 2023,10,2023.0,danaus,genutia,Striped Tiger,Habiganj,24.38044,91.41299
255,6901298756559772,id updated common mormon papilio polytes  nbg dhaka,november 2022,11,2022.0,papilio,polytes,Common Mormon,Dhaka,23.7104,90.40744
256,6862473747108940,leopard lacewing cethosia cyane bandarban,september2023,9,2023.0,cethosia,cyane,Leopard Lacewing,Bandarban,22.19534,92.21946
257,6854660794556902,forest hopper astictopterus jama  rangamati,july 2023,7,2023.0,astictopterus,jama,Forest Hopper,Rangamati,25.12721,88.77155
258,6846370805385901,grey pansy rajshahi,september 2023,9,2023.0,junonia,atlites,Grey Pansy,Rajshahi,24.374,88.60114
259,6815576628465319,common nawab polyura athamas bandarban,september2023,9,2023.0,polyura,athamas,Common Nawab,Bandarban,22.19534,92.21946
260,6812215822134733,english name common grass yellow scientific name eurema hecabe  rajshahi,august 2023,8,2023.0,eurema,hecabe,Common Grass Yellow,Rajshahi,24.374,88.60114
261,6803878966301752,id updated tarucus balkanica nigra blackspotted pierrot  south keraniganj dhaka,may 2023,5,2023.0,tarucus,balkanica,Black-Spotted Pierrot,Keraniganj,24.75003,88.07271
262,6784338831589099,great eggfly rajshahi,september 2023,9,2023.0,hypolimnas,bolina,Great Eggfly,Rajshahi,24.374,88.60114
263,6761257860563863,id chocolate royal moulovibazar sylhet,september2023,9,2023.0,remelana,jangala,Chocolate Royal,Maulavi Bazar,24.48888,91.77075
264,6730688353620814,common emigrant  rajshahi,september 2023,9,2023.0,catopsilia,pomona,Common Emigrant,Rajshahi,24.374,88.60114
265,6724874710868845,id update great eggfly national botanical garden dhaka 9sep2023,2023-09-09,9,2023.0,hypolimnas,bolina,Great Eggfly,Dhaka,23.7104,90.40744
266,6724722900884026,painted jezebel delias hyparete  chattogram,september 2023,9,2023.0,delias,hyparete,Painted Jezebel,Chittagong,22.4875,91.96333
267,6719285364761113,english name peacock pansy scientific name junonia almana  rajshahi,september 2023,9,2023.0,junonia,almana,Peacock Pansy,Rajshahi,24.374,88.60114
268,6696263007063349,english name grey pansy scientific name junonia atlites  rajshahi,august 2023,8,2023.0,junonia,atlites,Grey Pansy,Rajshahi,24.374,88.60114
269,6397927553563564,fluffy tit chittagong,june2023,6,2023.0,zeltus,amasa,Fluffy Tit,Chittagong,22.4875,91.96333
270,6678057095550607,caterpillar of common mime pabna,may2023,5,2023.0,papilio,clytia,Common Mime,Pabna,24.00644,89.2372
271,6678621812160802,english name common fivering scientific name ypthima baldus  rajshahi,august 2023,8,2023.0,ypthima,baldus,Common Fivering,Rajshahi,24.374,88.60114
272,6675395019150148,peacock pansy junonia almana dhaka ll,aug 2023,8,2023.0,junonia,almana,Peacock Pansy,Dhaka,23.7104,90.40744
273,6675444295811887,id updated english name indian palm bob scientific name suastus gremius  rajshahi,august 2023,8,2023.0,suastus,gremius,Indian Palm Bob,Rajshahi,24.374,88.60114
274,6661219580567692,id updated english name common emigrantlemon emigrant scientific name catopsilia pomona  rajshahi,august 2023,8,2023.0,catopsilia,pomona,Common Emigrant,Rajshahi,24.374,88.60114
275,6658869474136036,identification help please stripped albatross  jhenaidah,august 2023,8,2023.0,appias,olferna,Striped Albatross,Jhenaidah,23.5,89.16667
276,6657780707578246,bamboo treebrown dhaka,august2023,8,2023.0,lethe,europa,Bamboo Treebrown,Dhaka,23.7104,90.40744
277,6657851097571207,english name plain tiger scientific name danaus chrysippus  rajshahi,august 2023,8,2023.0,danaus,chrysippus,Plain Tiger,Rajshahi,24.374,88.60114
278,6640689895953994,english name common jezebel scientific name delias eucharis  rajshahi,august 2023,8,2023.0,delias,eucharis,Common Jezebel,Rajshahi,24.374,88.60114
279,6640803275942656,english name common leopard or spotted rustic scientific name phalanta phalantha  rajshahi,august 2023,8,2023.0,phalanta,phalantha,Rustic,Rajshahi,24.374,88.60114
280,6640739002615750,id lime blue dinajpur  canon 7d mark ii jhn,july2023,7,2023.0,chilades,lajus,Lime Blue,Dinajpur,25.62745,88.63779
281,6634073863282264,english name peacock royal scientific name tajuria cippus  rajshahi,august 2023,8,2023.0,tajuria,cippus,Peacock Royal,Rajshahi,24.374,88.60114
282,6633916466631337,id updated english name common gull scientific name cepora nerissa  rajshahi,august 2023,8,2023.0,cepora,nerissa,Common Gull,Rajshahi,24.374,88.60114
283,6633811823308468,id updated english name peacock royal scientific name tajuria cippus  rajshahi,august 2023,8,2023.0,tajuria,cippus,Peacock Royal,Rajshahi,24.374,88.60114
284,6624372364252414,id updated english name psyche scientific name leptosia nina  rajshahi,august 2023,8,2023.0,leptosia,nina,Psyche,Rajshahi,24.374,88.60114
285,6615056385184012,id updated english name common grass yellow scientific name eurema hecabe  rajshahi,august 2023,8,2023.0,eurema,hecabe,Common Grass Yellow,Rajshahi,24.374,88.60114
286,6595725313783786,id common jezebel dinajpur  canon 7d mark ii jhn,july2023,7,2023.0,delias,eucharis,Common Jezebel,Dinajpur,25.62745,88.63779
287,6584440291578955,popinjay sreemangal,nov2017,11,2017.0,stibochiona,nicea,Popinjay,Srimangal,24.30652,91.72955
288,6574766999212951,english name common jezebel scientific name delias eucharis  rajshahi,july 2023,7,2023.0,delias,eucharis,Common Jezebel,Rajshahi,24.374,88.60114
289,6568312393191745,id updated english name gram blue scientific name euchrysops cnejus  rajshahi,july 2023,7,2023.0,euchrysops,cnejus,Gram Blue,Rajshahi,24.374,88.60114
290,6564938386862479,little tiger blue aftabnagar,july2023,7,2023.0,tirumala,limniace,Blue Tiger,Aftabnagar,25.06364,91.43861
291,6559075134115471,brown lineblue moulovibazar,july2023,7,2023.0,prosotas,lutea,Brown Lineblue,Maulavi Bazar,24.48888,91.77075
292,6534482993241352,blue beauty of the forest popinjay  moulvibazar,march 2023,3,2023.0,stibochiona,nicea,Popinjay,Maulavi Bazar,24.48888,91.77075
293,6544231915599793,brown king crow l euploea klugii habiganj ll  thanks joy biswas fr the id,2023,Unknown,2023.0,euploea,klugii,Brown King Crow,Habiganj,24.38044,91.41299
294,6503631749659810,common mormon papilio polytes host plant lemon tree rangpur,6 july 2023,7,2023.0,papilio,polytes,Common Mormon,Rangpur,25.74664,89.25166
295,6527699893919662,mottled emigrant caterpillar on host plant senna sophera  rajshahi,june 2022,6,2022.0,catopsilia,pyranthe,Mottled Emigrant,Rajshahi,24.374,88.60114
296,6527398103949841,striped albatross  mymensingh,may 2023,5,2023.0,appias,olferna,Striped Albatross,Mymensingh,24.75636,90.40646
297,6522057414483910,chestnut angle  modhupur np,may 2023,5,2023.0,odontoptilum,angulata,Chestnut Angle,Modhupur,25.32983,89.49086
298,6512465105443141,grey pansy butterfly  ll dhaka,june 2023,6,2023.0,junonia,atlites,Grey Pansy,Dhaka,23.7104,90.40744
299,6512361315453520,psyche  ll national botanical garden dhaka,july2022,7,2022.0,Psyche,psyche,Psyche,Dhaka,23.7104,90.40744
300,6512359608787024,mottled emigrant  ll national botanical garden dhaka,july2023,7,2023.0,catopsilia,pyranthe,Mottled Emigrant,Dhaka,23.7104,90.40744
301,6512358678787117,lemon pansy butterfly  ll national botanical garden dhaka,july2023,7,2023.0,junonia,lemonias,Lemon Pansy,Dhaka,23.7104,90.40744
302,6510631342293184,id updated english name lime blue scientific name chilades lajus  rajshahi,july 2023,7,2023.0,chilades,lajus,Lime Blue,Rajshahi,24.374,88.60114
303,6496660540356931,chocolate pansy l junonia ipitha nbg dhaka ll  was with respected amit kumar neogi dada that day we both took picture of chocolate pansy fron botanical garden,june 2022,6,2022.0,junonia,sp.,Chocolate Pansy,Dhaka,23.7104,90.40744
304,6495218830501102,pale grass blue pseudozizeeria maha rajshahi bangladesh,3 july 2023,7,2023.0,pseudozizeeria,maha,Pale Grass Blue,Rajshahi,24.374,88.60114
305,6491614870861498,id updated english name common evening brown scientific name melanitis leda rajshahi,july 2023,7,2023.0,melanitis,leda,Common Evening Brown,Rajshahi,24.374,88.60114
306,6477826898906962,common jay rajshahi university 28june2023,2023-06-28,6,2023.0,graphium,doson,Common Jay,Rajshahi,24.374,88.60114
307,6473690105987308,id updated english name obscure branded swift scientific name pelopidas agna  rajshahi,june 2023,6,2023.0,pelopidas,agna,Obscure Branded Swift,Delbaria Aguna,24.66919,88.33424
308,6462861110403541,english name tailless lineblue scientific name prosotas dubiosa  rajshahi,june 2023,6,2023.0,prosotas,dubiosa,Tailless Lineblue,Rajshahi,24.374,88.60114
309,6461183123904673,common fivering dhaka,june2023,6,2023.0,ypthima,baldus,Common Fivering,Dhaka,23.7104,90.40744
310,6459663734056612,english name mottled emigrant scientific name catopsilia pyranthe  rajshahi,june 2023,6,2023.0,catopsilia,pyranthe,Mottled Emigrant,Rajshahi,24.374,88.60114
311,6455895094433476,tawny coster butterfly dhaka,june 2023,6,2023.0,acraea,terpsicore,Tawny Coster,Dhaka,23.7104,90.40744
312,6438929556130030,common mime date june 17  nbg dhaka,2023,Unknown,2023.0,papilio,clytia,Common Mime,Dhaka,23.7104,90.40744
313,6435765303113122,peacock pansy junonia almana chattogram,december 2022,12,2022.0,junonia,almana,Peacock Pansy,Chittagong,22.4875,91.96333
314,6419814614708191,fluffy tit  chittagong,june 2023,6,2023.0,zeltus,amasa,Fluffy Tit,Chittagong,22.4875,91.96333
315,6403090339713952,id updated pale grass blue rajshahi,june 2023,6,2023.0,pseudozizeeria,maha,Pale Grass Blue,Rajshahi,24.374,88.60114
316,6390666817622971,id black paintbrush swift chittagong  more shot in comment,june2023,6,2023.0,baoris,unicolor,Paintbrush Swift,Chittagong,22.4875,91.96333
317,6390399804316339,common emigrant  chittagong,june 2023,6,2023.0,catopsilia,pomona,Common Emigrant,Chittagong,22.4875,91.96333
318,6347430928613227,common wanderer  modhupur national park tangail bangladesh,may 2022,5,2022.0,pareronia,valeria,Common Wanderer,Modhupur,25.32983,89.49086
319,6347916418564678,psyche  mymensingh,may 2023,5,2023.0,Psyche,psyche,Psyche,Mymensingh,24.75636,90.40646
320,6340896512600002,peacock pansy noakhali government college bangladesh,20 may 2023,5,2023.0,junonia,almana,Peacock Pansy,Noakhali,22.81763,91.08945
321,6335815069774813,common wight iton semamora srimangal,march 2023,3,2023.0,iton,semamora,Common Wight,Srimangal,24.30652,91.72955
322,6335424183147235,id updated lime blue rajshahi,may 2023,5,2023.0,chilades,lajus,Lime Blue,Rajshahi,24.374,88.60114
323,6315237408499246,id updated striped albatross laxmipur,may 2023,5,2023.0,appias,olferna,Striped Albatross,Laxmipur,25.81429,88.27485
324,6289045694451751,english name tiny grass blue scientists name zizula hylax  rajshahi,may 2023,5,2023.0,zizula,hylax,Tiny Grass Blue,Rajshahi,24.374,88.60114
325,6262129957143325,english name plains cupid scientific name chilades pandava  rajshahi,april 2023,4,2023.0,chilades,pandava,Plains Cupid,Rajshahi,24.374,88.60114
326,6258976757458645,caterpillars of common jezebel pabna,july2021,7,2021.0,delias,eucharis,Common Jezebel,Pabna,24.00644,89.2372
327,6255611497795171,common jezebel ramna dhaka,december 2021,12,2021.0,delias,eucharis,Common Jezebel,Ramna,22.22467,90.06621
328,6255010711188583,apefly spalgis epius  rajbari,april 2023,4,2023.0,spalgis,epius,Apefly,Rajbari,23.66667,89.55
329,6251245424898445,id updated common baron khulna,april 2023,4,2023.0,euthalia,aconthea,Common Baron,Khulna,22.58935,90.21057
330,6251244004898587,id updated great eggfly khulna,april 2023,4,2023.0,hypolimnas,bolina,Great Eggfly,Khulna,22.58935,90.21057
331,6226241870732134,common jezebel jahangirnagar dhaka,april 2023,4,2023.0,delias,eucharis,Common Jezebel,Jahangirpur,24.33652,90.43798
332,6223193694370285,common jezebel dhaka,april 2023,4,2023.0,delias,eucharis,Common Jezebel,Dhaka,23.7104,90.40744
333,6207754945914160,id updated striped tiger danaus genutia national botanical garden dhaka 27 april,2018,Unknown,2018.0,danaus,genutia,Striped Tiger,Dhaka,23.7104,90.40744
334,6169280113094977,common tinsel  moulvibazar,march 2023,3,2023.0,catapaecilma,major,Common Tinsel,Maulavi Bazar,24.48888,91.77075
335,6157380057618316,plain tiger  rajshahi,march 2023,3,2023.0,danaus,chrysippus,Plain Tiger,Rajshahi,24.374,88.60114
336,6145117962177859,hewitsons dull oakblue arhopala oenea  moulvibazar,march 2023,3,2023.0,arhopala,oenea,Hewitsonâ€™s Dull Oakblue,Maulavi Bazar,24.48888,91.77075
337,6115204398502549,id updated tailed jay snp habiganj  one extremely restless butterfly,march 2023,3,2023.0,graphium,agamemnon,Tailed Jay,Habiganj,24.38044,91.41299
338,6115443765145279,id updated leopard lacewing snp habiganj,march 2023,3,2023.0,cethosia,cyane,Leopard Lacewing,Habiganj,24.38044,91.41299
339,6122046337818355,catapaecilma major druce 1895 common tinsel moulvibazar march,2023,Unknown,2023.0,catapaecilma,major,Common Tinsel,Maulavi Bazar,24.48888,91.77075
340,6115447661811556,id updated clipper snp habiganj,march 2023,3,2023.0,parthenos,sylvia,Clipper,Habiganj,24.38044,91.41299
341,6070011896355133,butterflies are selfpropelled flowers id common jezebel dhaka  canon 7d mark ii jhn,january2021,1,2021.0,delias,eucharis,Common Jezebel,Dhaka,23.7104,90.40744
342,6055139637842359,tirumala limniace blue tiger  rajshahi bd,may 2022,5,2022.0,tirumala,limniace,Blue Tiger,Rajshahi,24.374,88.60114
343,6044759125547077,tailed jay  moulvibazar,october 2022,10,2022.0,graphium,agamemnon,Tailed Jay,Maulavi Bazar,24.48888,91.77075
344,6040445875978402,spotted rustic or common leopard sitakunda may 26,2022,Unknown,2022.0,phalanta,phalantha,Rustic,Sitakund,22.62164,91.65938
345,6004980426191614,indian palm bob  dhaka,january 2023,1,2023.0,suastus,gremius,Indian Palm Bob,Dhaka,23.7104,90.40744
346,6004642672892056,nigger  moulvibazar,november 2022,11,2022.0,orsotriaena,medus,Nigger,Maulavi Bazar,24.48888,91.77075
347,5898954103460914,common baron habiganj,december 2021,12,2021.0,euthalia,aconthea,Common Baron,Habiganj,24.38044,91.41299
348,5865288703494121,id updated common pierrot jahangirnagar university,december 2022,12,2022.0,castalius,rosimon,Common Pierrot,Jahangirpur,24.33652,90.43798
349,5865259126830412,id updated common evening brown jahangirnagar university,december 2022,12,2022.0,melanitis,leda,Common Evening Brown,Jahangirpur,24.33652,90.43798
350,5861706187185706,lesser grass blue  chapainawabganj,december 2022,12,2022.0,zizina,otis,Lesser Grass Blue,Chapai Nawabganj,24.59895,88.28339
351,5858590870830571,banana skipper erionota torus  rajshahi,march 2020,3,2020.0,erionota,torus,Banana Skipper,Rajshahi,24.374,88.60114
352,5858503277505997,chocolate albatross habiganj,december 2022,12,2022.0,appias,lyncida,Chocolate Albatross,Habiganj,24.38044,91.41299
353,5858504844172507,grey count habiganj,december 2022,12,2022.0,tanaecia,lepidea,Grey Count,Habiganj,24.38044,91.41299
354,5858355450854113,common wight moulvibazar,december 2022,12,2022.0,iton,semamora,Common Wight,Maulavi Bazar,24.48888,91.77075
355,5854145741275084,id updated likely a popinjay barolekha moulvibazar,december 2022,12,2022.0,stibochiona,nicea,Popinjay,Maulavi Bazar,24.48888,91.77075
356,5852815981408060,hypolimnas bolina great eggfly  rajshahi,nov 2020,11,2020.0,hypolimnas,bolina,Great Eggfly,Rajshahi,24.374,88.60114
357,5833820079974317,white cerulean moulvibazar,december 2022,12,2022.0,jamides,pura,White Cerulean,Maulavi Bazar,24.48888,91.77075
358,5823624134327245,mottled emigrant rajshahi,nov 2020,11,2020.0,catopsilia,pyranthe,Mottled Emigrant,Rajshahi,24.374,88.60114
359,5823619527661039,common jezebel rajshahi,nov 2020,11,2020.0,delias,eucharis,Common Jezebel,Rajshahi,24.374,88.60114
360,5808972549125737,common snow flat jahangirnagar university,december 2022,12,2022.0,tagiades,japetus,Common Snow Flat,Jahangirpur,24.33652,90.43798
361,5806392409383751,striped albatross apias oleferna bengali name  jhenaidah device tecno spark 9t,6 december 2022,12,2022.0,appias,olferna,Striped Albatross,Bangali River,24.76267,89.49463
362,5804694192886906,id fluffy tit moulvibazar,2014,Unknown,2014.0,zeltus,amasa,Fluffy Tit,Maulavi Bazar,24.48888,91.77075
363,5801479969874995,striped tiger jahangirnagar university,december 2022,12,2022.0,danaus,genutia,Striped Tiger,Jahangirpur,24.33652,90.43798
364,5796396470383345,common acacia blue  moulvibazar,october 2022,10,2022.0,surendra,quercetorum,Common Acacia Blue,Maulavi Bazar,24.48888,91.77075
365,5792683580754634,id update peacock pansy 30nov2022 hazarikhil wildlife sanctuary,2022-11-30,11,2022.0,junonia,almana,Peacock Pansy,Hazarikhil Wildlife Sanctuary,22.7059,91.6909
366,5775430182479974,lesser grass blue kuakata,november 2022,11,2022.0,zizina,otis,Lesser Grass Blue,Kuakata,21.82124,90.11975
367,5773239996032326,id updated common evening brown satkhira,november 2022,11,2022.0,melanitis,leda,Common Evening Brown,Satkhira,22.70817,89.07185
368,5764119593611033,id updated common evening brown sherpur garo pahar,november 2022,11,2022.0,melanitis,leda,Common Evening Brown,Sherpur,24.54317,90.65773
369,5764124346943891,id updated common crow sherpur garo pahar,november 2022,11,2022.0,euploea,core,Common Crow,Sherpur,24.54317,90.65773
370,5754814491208210,chocolate royal  moulvibazar,september 2022,9,2022.0,remelana,jangala,Chocolate Royal,Maulavi Bazar,24.48888,91.77075
371,5718265134863146,common pierrot chattagram university,june 2022,6,2022.0,castalius,rosimon,Common Pierrot,Chittagong,22.4875,91.96333
372,5717601664929493,common tit habigonj,november 2022,11,2022.0,hypolycaena,erylus,Common Tit,Habiganj,24.38044,91.41299
373,5715117388511254,nigger medus brown orsotriaena medus  kulaura,october 2022,10,2022.0,orsotriaena,medus,Nigger,Kulaura,24.53333,92.05
374,5707246825964977,banana skipper 011122 khulna,2022-01-11,11,2022.0,erionota,torus,Banana Skipper,Khulna,22.58935,90.21057
375,5685413631481630,indian palm bob 25 oct  uttara,2022,Unknown,2022.0,suastus,gremius,Indian Palm Bob,Uttara,23.8667,90.4
376,5665806380109022,id common maplet date 03 sept  moulovibazar,2022,Unknown,2022.0,chersonesia,risa,Common Maplet,Maulavi Bazar,24.48888,91.77075
377,5678449685511358,chocolate royal brahmanbaria 21 05 19,2019-05-21,5,2019.0,remelana,jangala,Chocolate Royal,Brahmanbaria,24.40471,89.25853
378,5677592562263737,tawny coster 23 oct  uttara,2022,Unknown,2022.0,acraea,terpsicore,Tawny Coster,Uttara,23.8667,90.4
379,5656233197733007,psyche  natore,oct 2022,10,2022.0,Psyche,psyche,Psyche,Natore,24.35,89.08333
380,5637689536254040,plain tiger dhaka  better view,october 2022,10,2022.0,danaus,chrysippus,Plain Tiger,Dhaka,23.7104,90.40744
381,5640959059260421,pygmy scrub hopper aeromachus pygmaeus  kulaura more shots in comment section,october 2022,10,2022.0,aeromachus,pygmaeus,Pygmy Scrub Hopper,Kulaura,24.53333,92.05
382,5637688402920820,pale grass blue  rajshahi,8 oct 2022,10,2022.0,pseudozizeeria,maha,Pale Grass Blue,Rajshahi,24.374,88.60114
383,5626713097351684,mycalesis gotama chinese bushbrown  moulvibazar,october 2022,10,2022.0,mycalesis,gotama,Chinese Bushbrown,Maulavi Bazar,24.48888,91.77075
384,5603161066373554,blue tiger  patuakhali,september 2022,9,2022.0,tirumala,limniace,Blue Tiger,Patuakhali,22.25914,90.31838
385,5597325003623827,indian palm bob 26 sep  uttara,2022,Unknown,2022.0,suastus,gremius,Indian Palm Bob,Uttara,23.8667,90.4
386,5595943327095328,striped albatross 26 sep  uttara,2022,Unknown,2022.0,appias,olferna,Striped Albatross,Uttara,23.8667,90.4
387,5543070399049288,common maplet moulvibazar,september 2022,9,2022.0,chersonesia,risa,Common Maplet,Maulavi Bazar,24.48888,91.77075
388,5537468322942829,orchid tit hypolycaena othona hewitson 1865 hobiganj june,2022,Unknown,2022.0,hypolycaena,othona,Orchid Tit,Habiganj,24.38044,91.41299
389,5535199143169747,common lascar moulvibazar,september 2022,9,2022.0,pantoporia,hordonia,Common Lascar,Maulavi Bazar,24.48888,91.77075
390,5523836287639366,studded sergeant athyma asura moore 1858 hobiganj june,2022,Unknown,2022.0,athyma,asura,Studded Sergeant,Habiganj,24.38044,91.41299
391,5521205344569127,common dartlet oriens gola  rajbari,august 2022,8,2022.0,oriens,gola,Common Dartlet,Rajbari,23.66667,89.55
392,5519876814701980,common grass yellow moulvibazar,august 2022,8,2022.0,eurema,hecabe,Common Grass Yellow,Maulavi Bazar,24.48888,91.77075
393,5518230324866629,common lineblue moulvibazar,august 2022,8,2022.0,prosotas,nora,Common Lineblue,Maulavi Bazar,24.48888,91.77075
394,5517323244957337,common crow moulvibazar,august 2022,8,2022.0,euploea,core,Common Crow,Maulavi Bazar,24.48888,91.77075
395,5484536921569303,common pierrot pabna,july2021,7,2021.0,castalius,rosimon,Common Pierrot,Pabna,24.00644,89.2372
396,5482021448487517,great eggfly hypolimnas bolina  chattagram,august 2022,8,2022.0,hypolimnas,bolina,Great Eggfly,Chittagong,22.4875,91.96333
397,5465253776830951,pale grass blue  rajshahi,july 2022,7,2022.0,pseudozizeeria,maha,Pale Grass Blue,Rajshahi,24.374,88.60114
398,5468032006553128,lime blue  rajshahi,august 2022,8,2022.0,chilades,lajus,Lime Blue,Rajshahi,24.374,88.60114
399,5465227696833559,great eggfly 18 july  rajshahi,2022,Unknown,2022.0,hypolimnas,bolina,Great Eggfly,Rajshahi,24.374,88.60114
400,5457323997623929,peacock royal  rajshahi,august 2022,8,2022.0,tajuria,cippus,Peacock Royal,Rajshahi,24.374,88.60114
401,5458597444163251,id updated grey pansy rangamati,august 2022,8,2022.0,junonia,atlites,Grey Pansy,Rangamati,25.12721,88.77155
402,5458599874163008,plain tiger  rangamati,august 2022,8,2022.0,danaus,chrysippus,Plain Tiger,Rangamati,25.12721,88.77155
403,5457345430955119,peacock pansy  rajshahi,august 2022,8,2022.0,junonia,almana,Peacock Pansy,Rajshahi,24.374,88.60114
404,5440343182655344,gram blue  rajshahi,july 2022,7,2022.0,euchrysops,cnejus,Gram Blue,Rajshahi,24.374,88.60114
405,5416761121680217,blue mormon khulna,july2022,7,2022.0,papilio,polymnestor,Blue Mormon,Khulna,22.58935,90.21057
406,5411584432197886,common jezebel  rajshahi,july 2022,7,2022.0,delias,eucharis,Common Jezebel,Rajshahi,24.374,88.60114
407,5370148979674765,apefly habigonj,july 2022,7,2022.0,spalgis,epius,Apefly,Habiganj,24.38044,91.41299
408,5349413611748302,gram blue dhaka,june 2022,6,2022.0,euchrysops,cnejus,Gram Blue,Dhaka,23.7104,90.40744
409,5315695341786796,id striped tiger dhaka,april2021,4,2021.0,danaus,genutia,Striped Tiger,Dhaka,23.7104,90.40744
410,5293564283999902,common evening brown 08 june2022 rajshahi,2022-06-08,8,2022.0,melanitis,leda,Common Evening Brown,Rajshahi,24.374,88.60114
411,5275553195801011,common albatross  mymensingh,jun 2018,6,2018.0,appias,albina,Common Albatross,Mymensingh,24.75636,90.40646
412,5287255967964067,common emigrant nbg dhaka,3 may 2022,5,2022.0,catopsilia,pomona,Common Emigrant,Dhaka,23.7104,90.40744
413,5281009531922044,common jezebel  mymensingh,4 june 2022,6,2022.0,delias,eucharis,Common Jezebel,Mymensingh,24.75636,90.40646
414,5226947660661565,common grass yellow  ngb dhaka,may2022,5,2022.0,eurema,hecabe,Common Grass Yellow,Dhaka,23.7104,90.40744
415,5242382962451368,silverstreak blue habiganj sylhet,may 2022,5,2022.0,iraota,timoleon,Silverstreak Blue,Habiganj,24.38044,91.41299
416,5232794460076885,striped tiger  rajshahi,may2022,5,2022.0,danaus,genutia,Striped Tiger,Rajshahi,24.374,88.60114
417,5228007397222258,gram blue mirpur dhaka,may 2022,5,2022.0,euchrysops,cnejus,Gram Blue,Mirpur,25.01039,89.39468
418,5221557151200616,blue tiger  rajshahi,may 2022,5,2022.0,tirumala,limniace,Blue Tiger,Rajshahi,24.374,88.60114
419,5219348171421514,common crow  rajshahi,may 2022,5,2022.0,euploea,core,Common Crow,Rajshahi,24.374,88.60114
420,5205968519426146,common evening brown melanitis leda 10 may  jhenaidah canon,2022,Unknown,2022.0,melanitis,leda,Common Evening Brown,Jhenaidah,23.5,89.16667
421,5207326342623697,pale grass blue  rajshahi,april 2022,4,2022.0,pseudozizeeria,maha,Pale Grass Blue,Rajshahi,24.374,88.60114
422,5206071216082543,psyche  rajshahi,may 2022,5,2022.0,Psyche,psyche,Psyche,Rajshahi,24.374,88.60114
423,5197533610269637,rustic  chittagong,december 2021,12,2021.0,phalanta,phalantha,Rustic,Chittagong,22.4875,91.96333
424,5195984797091185,acraea terpsicore tawny coster rajshahi,7 may 2022,5,2022.0,acraea,terpsicore,Tawny Coster,Rajshahi,24.374,88.60114
425,5194621340560864,yellow pansy january 13  sylhet,2022,Unknown,2022.0,junonia,hierta,Yellow Pansy,Sylhet,24.89904,91.87198
426,5194122047277460,tawny coster  simla rajshahi,5 may 2022,5,2022.0,acraea,terpsicore,Tawny Coster,Simla,24.75646,90.18287
427,5193901907299474,plain tiger danaus chrysippus rajshahi,6 may 2022,5,2022.0,danaus,chrysippus,Plain Tiger,Rajshahi,24.374,88.60114
428,5190439707645694,acraea terpsicore tawny coster rajshahi,5 may 2022,5,2022.0,acraea,terpsicore,Tawny Coster,Rajshahi,24.374,88.60114
429,5183146778374987,common maplet  moulvibazar,february 2022,2,2022.0,chersonesia,risa,Common Maplet,Maulavi Bazar,24.48888,91.77075
430,5176987132324285,psyche  mirzaganj patuakhali,april2022,4,2022.0,Psyche,psyche,Psyche,Mirzaganj,22.35814,90.23326
431,24296985319897846,common grass yellow  kurigram,april 2025,4,2025.0,eurema,hecabe,Common Grass Yellow,Kurigram,25.75,89.66667
432,24228011756795203,common baron  kurigram,july 2025,7,2025.0,euthalia,aconthea,Common Baron,Kurigram,25.75,89.66667
433,24219321110997601,id 46 common maplet chersonesia risa hazarikhil wildlife sanctuary chattogram 6 jul,2025,2,2025.0,chersonesia,risa,Common Maplet,Hazarikhil Wildlife Sanctuary,22.7059,91.6909
434,24195186450077734,id 44 yellow pansy junonia hierta hazarikhil wildlife sanctuary chattogram 6 jul,2025,2,2025.0,junonia,hierta,Yellow Pansy,Hazarikhil Wildlife Sanctuary,22.7059,91.6909
435,24158731307056582,plain puffin common bluebottle dark blue tiger striped blue crow  bandarban,july 2018,7,2018.0,graphium,sarpedon,Common Bluebottle,Bandarban,22.19534,92.21946
436,24181393838123662,id 42 great eggfly blue moon butterfly hypolimnas bolina chattogram 10 jul,2025,2,2025.0,hypolimnas,bolina,Great Eggfly,Chittagong,22.4875,91.96333
437,24157553500507696,id 41 common fivering ypthima baldus hazarikhil wildlife sanctuary chattogram 6 jul,2025,2,2025.0,ypthima,baldus,Common Fivering,Hazarikhil Wildlife Sanctuary,22.7059,91.6909
438,24149833131279733,id 40 chestnut bob iambrix salsala hazarikhil wildlife sanctuary chattogram 6 jul,2025,2,2025.0,iambrix,salsala,Chestnut Bob,Hazarikhil Wildlife Sanctuary,22.7059,91.6909
439,24142516052011441,id 39 common tit hypolycaena erylus hazarikhil wildlife sanctuary chattogram 6 jul,2025,2,2025.0,hypolycaena,erylus,Common Tit,Hazarikhil Wildlife Sanctuary,22.7059,91.6909
440,24135114129418300,id 38 brown lineblue prosotas lutea hazarikhil wildlife sanctuary chattogram 6 jul,2025,2,2025.0,prosotas,lutea,Brown Lineblue,Hazarikhil Wildlife Sanctuary,22.7059,91.6909
441,24139808872282159,branded orange awlet  chattogram,june 2025,6,2025.0,bibasis,oedipodea,Orange Awlet,Chittagong,22.4875,91.96333
442,24126771906919189,tailed jay graphium agamemnon  rajshahi,july 2025,7,2025.0,graphium,agamemnon,Tailed Jay,Rajshahi,24.374,88.60114
443,24112581031671610,forest hopper chittagong university,27 june 2025,6,2025.0,astictopterus,jama,Forest Hopper,Chittagong,22.4875,91.96333
444,24103247629271617,found a rare butterfly species nature never stops surprising me silverstreak blue iraota timoleon noakhali,july2025,7,2025.0,iraota,timoleon,Silverstreak Blue,Noakhali,22.81763,91.08945
445,24085209787742068,pale grass blue chottogram,30 jun 2025,6,2025.0,pseudozizeeria,maha,Pale Grass Blue,Chittagong,22.4875,91.96333
446,24075294478733599,yellow pansy chittagong university,27 june 2025,6,2025.0,junonia,hierta,Yellow Pansy,Chittagong,22.4875,91.96333
447,24077249828538064,common crow  chattogram,june 2025,6,2025.0,euploea,core,Common Crow,Chittagong,22.4875,91.96333
448,24069097379353309,common mime pabna,june 2025,6,2025.0,papilio,clytia,Common Mime,Pabna,24.00644,89.2372
449,24059316103664770,common emigrant lemon emigrant catopsilia pomona 260625 chittagong university,2025-06-26,6,2025.0,catopsilia,pomona,Common Emigrant,Chittagong,22.4875,91.96333
450,23996539399942441,id 36 common jay graphium doson chattogram 9 jun,2025,2,2025.0,graphium,doson,Common Jay,Chittagong,22.4875,91.96333
451,23981417114788003,id 35 common lineblue prosotas nora chattogram 15 jun,2025,2,2025.0,prosotas,nora,Common Lineblue,Chittagong,22.4875,91.96333
452,23988566827406365,grey pansy  chittagong,may 2025,5,2025.0,junonia,atlites,Grey Pansy,Chittagong,22.4875,91.96333
453,23980831644846550,common albatross moulvibazar,aprip 2025,4,2025.0,appias,albina,Common Albatross,Maulavi Bazar,24.48888,91.77075
454,23979093215020393,id updated tawny coster bhatiari chottogram,june 2025,6,2025.0,acraea,terpsicore,Tawny Coster,Bhatiari,22.4281,91.75044
455,23978375545092160,id lime blue  chittagong,may2025,5,2025.0,chilades,lajus,Lime Blue,Chittagong,22.4875,91.96333
456,23973303995599315,angled castor ariadne ariadne  rajshahi,may 2025,5,2025.0,ariadne,castor,Angled Castor,Rajshahi,24.374,88.60114
457,23958101027119612,lemon pansy  chittagong,may 2025,5,2025.0,junonia,lemonias,Lemon Pansy,Chittagong,22.4875,91.96333
458,23950505104545871,id 33 chocolate pansy junonia iphita chattogram 10 jun,2025,2,2025.0,junonia,iphita,Chocolate Pansy,Chittagong,22.4875,91.96333
459,23949971987932516,common acacia blue surendra quercetorum hathazari chattogram,april 2025,4,2025.0,surendra,quercetorum,Common Acacia Blue,Hathazari,22.50515,91.81339
460,5841226535900338,when tiger palmfly flies in front of you it will convince you to think it is a common mime so much because of its upper wings view and when it sits down it looks like a form of common evening brown but evening brown usually sits on the ground perching on dead deciduous leaves while tiger palmfly sits at mid to higher canopy of a tree tiger palmfly  moulvibazar,november2022,11,2022.0,papilio,clytia,Common Mime,Maulavi Bazar,24.48888,91.77075
461,23942502925346089,common cilliate blue anthene emolus noakhali,june 2025,6,2025.0,anthene,emolus,Common Ciliate Blue,Noakhali,22.81763,91.08945
462,23940491892213859,id 32 common cerulean jamides celeno celeno chattogram 10 jun,2025,2,2025.0,jamides,celeno,Common Cerulean,Chittagong,22.4875,91.96333
463,23935642606032121,id 31 tailless lineblue prosotas dubiosa chattagram 10 jun,2025,2,2025.0,prosotas,dubiosa,Tailless Lineblue,Chittagong,22.4875,91.96333
464,23932690752993973,common palmfly june 11  chattogram,2025,2,2025.0,elymnias,hypermnestra,Common Palmfly,Chittagong,22.4875,91.96333
465,23920995024163546,lemon pansy chattogram,june 2 2025,6,Unknown,junonia,lemonias,Lemon Pansy,Chittagong,22.4875,91.96333
466,23909469715316077,common wanderer  chittagong,may 2025,5,2025.0,pareronia,valeria,Common Wanderer,Chittagong,22.4875,91.96333
467,23905746549021727,common evening brown melanitis leda 07 june 25 kurigram,2025-06-07,7,2025.0,melanitis,leda,Common Evening Brown,Kurigram,25.75,89.66667
468,23882310884698627,psyche leptosia nina noakhali,april 2025,4,2025.0,leptosia,nina,Psyche,Noakhali,22.81763,91.08945
469,23874620622134320,tawny coster acraea terpsicore hathazari chattogram,june 2025,6,2025.0,acraea,terpsicore,Tawny Coster,Hathazari,22.50515,91.81339
470,10056233431066273,common fivering chottogram,27 may 2025,5,2025.0,ypthima,baldus,Common Fivering,Chittagong,22.4875,91.96333
471,10052382108118072,lemon pansy chottogram,26 may 2025,5,2025.0,junonia,lemonias,Lemon Pansy,Chittagong,22.4875,91.96333
472,10045638745459075,leopard lacewing cethosia cyane  hazarikhil wildlife sanctuary,january 2025,1,2025.0,cethosia,cyane,Leopard Lacewing,Hazarikhil Wildlife Sanctuary,22.7059,91.6909
473,10038661646156785,dingy lineblue chittagong,may 2025,5,2025.0,petrelaea,dana,Dingy Lineblue,Chittagong,22.4875,91.96333
474,10039734989382784,fluffy tit chattogram,april 2025,4,2025.0,zeltus,amasa,Fluffy Tit,Chittagong,22.4875,91.96333
475,10032255456797404,fluffy tit zeltus amasa chittagong,may 2025,5,2025.0,zeltus,amasa,Fluffy Tit,Chittagong,22.4875,91.96333
476,10018000461556237,lesser grass blue location rangpur date may 12,2025,2,2025.0,zizina,otis,Lesser Grass Blue,Rangpur,25.74664,89.25166
477,10016200761736207,pale grass blue chottogram,may 2025,5,2025.0,pseudozizeeria,maha,Pale Grass Blue,Chittagong,22.4875,91.96333
478,10009083529114597,124 yellowdisc tailless oakblue arhopala perimuta khadimnagar national park  nikon d8018135mm,may 2025,5,2025.0,arhopala,perimuta,"Yellowdisc Tailless 
Oakblue",Khadimnagar,25.25205,89.27649
479,10006580562698227,common raven papilio castor khadimnagar national park  nikon d8018135mm,may 2025,5,2025.0,papilio,castor,Common Raven,Khadimnagar,25.25205,89.27649
480,10002770913079192,common red forester lethe mekara khadimnagar national park  nikon d8018135mm,may 2025,5,2025.0,lethe,mekara,Common Red Forester,Khadimnagar,25.25205,89.27649
481,9993479977341619,common snow flat laying eggs on its host plant chattogram,april2025,4,2025.0,tagiades,japetus,Common Snow Flat,Chittagong,22.4875,91.96333
482,9926956597327291,id updated common name plains cupid scientific name chilades pandava mymensingh,may 2025,5,2025.0,chilades,pandava,Plains Cupid,Mymensingh,24.75636,90.40646
483,9981548065201477,english name redspot jezebel scientific name delias descombesi mymensingh,may 2025,5,2025.0,delias,descombesi,Red-Spot Jezebel,Mymensingh,24.75636,90.40646
484,9922930401063244,striped black crow euploea doubledayi c r felder 1865 banderban april,2025,2,2025.0,euploea,doubledayi,Striped Black Crow,Bandarban,22.19534,92.21946
485,9905956819427269,striped albatross appias olferna chittagong,march 2024,3,2024.0,appias,olferna,Striped Albatross,Chittagong,22.4875,91.96333
486,9852917598064525,common yeoman cirrochroa tyche  hws chittagong,april 2025,4,2025.0,cirrochroa,tyche,Common Yeoman,Chittagong,22.4875,91.96333
487,9847675661922052,redspot jezebel  kurigram,may 2025,5,2025.0,delias,descombesi,Red-Spot Jezebel,Kurigram,25.75,89.66667
488,9832003196822632,common mime laying egg on her host plant  kurigram,april 2025,4,2025.0,papilio,clytia,Common Mime,Kurigram,25.75,89.66667
489,9812561155433503,id 30 gram blue euchrysops cnejus chattogram 25 apr,2025,2,2025.0,euchrysops,cnejus,Gram Blue,Chittagong,22.4875,91.96333
490,9810482725641346,common yeoman  chottogram,april 2025,4,2025.0,cirrochroa,tyche,Common Yeoman,Chittagong,22.4875,91.96333
491,9764774790212140,psyche leptosia nina  rajshahi,september 2023,9,2023.0,leptosia,nina,Psyche,Rajshahi,24.374,88.60114
492,9761401167216169,grey count tanaecia lepidea  chittagong,april 2025,4,2025.0,tanaecia,lepidea,Grey Count,Chittagong,22.4875,91.96333
493,9744680422221577,leopard lacewing moulovibazar,february 2025,2,2025.0,cethosia,cyane,Leopard Lacewing,Maulavi Bazar,24.48888,91.77075
494,9737969746225978,common cerulean jamides celeno coxs bazar,january 2025,1,2025.0,jamides,celeno,Common Cerulean,Coxs Bazar,21.44795,92.10732
495,9737465772943042,lime blue chilades lajus chattogram,12 apr 2025,4,2025.0,chilades,lajus,Lime Blue,Chittagong,22.4875,91.96333
496,9730447966978156,id 28 common quaker neopithecops zalmora chattogram 12 apr,2025,2,2025.0,neopithecops,zalmora,Common Quaker,Chittagong,22.4875,91.96333
497,9723993320956954,id 27 pale grass blue pseudozizeeria maha chattogram 12 apr,2025,2,2025.0,pseudozizeeria,maha,Pale Grass Blue,Chittagong,22.4875,91.96333
498,9712574158765537,common tinsel  moulvibazar,march 2025,3,2025.0,catapaecilma,major,Common Tinsel,Maulavi Bazar,24.48888,91.77075
499,9708674479155505,life cycle of common jay gazipur,november 2024,11,2024.0,graphium,doson,Common Jay,Gazipur,24.27416,88.9543
500,9697954230227530,lemon pansy scientific name junonia lemonias bandarban,january 2025,1,2025.0,junonia,lemonias,Lemon Pansy,Bandarban,22.19534,92.21946
501,9643256695697284,common pierrot castalius rosimon noakhali,march 2025,3,2025.0,castalius,rosimon,Common Pierrot,Noakhali,22.81763,91.08945
502,9599840056705615,silverstreak blue moulvibazar,march 2025,3,2025.0,iraota,timoleon,Silverstreak Blue,Maulavi Bazar,24.48888,91.77075
503,9598538606835760,striped tiger  kurigram,march 2025,3,2025.0,danaus,genutia,Striped Tiger,Kurigram,25.75,89.66667
504,9579847052038249,black forester lethe vindhya  moulvibazar,february2025,2,2025.0,lethe,vindhya,Black Forester,Maulavi Bazar,24.48888,91.77075
505,9569051413117813,baoris chapmani small paintbrush swift  moulvibazar,february 2023,2,2023.0,baoris,chapmani,Small Paintbrush Swift,Maulavi Bazar,24.48888,91.77075
506,9566011690088452,tiny grass blue chittagong,march 2025,3,2025.0,zizula,hylax,Tiny Grass Blue,Chittagong,22.4875,91.96333
507,9553084104714544,eastern stripped albatross appias olferna  chittagong,march 2025,3,2025.0,appias,olferna,Striped Albatross,Chittagong,22.4875,91.96333
508,9548533535169601,again encountered the butterfly that i had made the first country record in  this is 3rd record from bangladesh and 2nd record was encountered by syed abbas vai banded straw ace pithauria marsena moulovibazar february 2024,2023,Unknown,2023.0,pithauria,marsena,Banded Ace,Maulavi Bazar,24.48888,91.77075
509,9542733105749644,common albatross appias albina  chittagong,march 2025,3,2025.0,appias,albina,Common Albatross,Chittagong,22.4875,91.96333
510,9541338182555803,leopard lacewing dhaka,dec 2014,12,2014.0,cethosia,cyane,Leopard Lacewing,Dhaka,23.7104,90.40744
511,9529835070372781,id 25 common emigrant lemon emigrant chottogram 7 mar,2025,2,2025.0,catopsilia,pomona,Common Emigrant,Chittagong,22.4875,91.96333
512,9522448584444763,redspot jezebel lama banderban,march 2025,3,2025.0,delias,descombesi,Red-Spot Jezebel,Lama,21.77439,92.21907
513,9513321795357442,three spot grass yellow eurema blanda  chittagong,february 2025,2,2025.0,eurema,blanda,Three Spot Grass Yellow,Chittagong,22.4875,91.96333
514,9455309481158674,i know nothing about the species captured in  location haripur sylhet peacock pansy butterfly junonia almana,may 2024,5,2024.0,junonia,almana,Peacock Pansy,Haripur,23.91744,89.13751
515,9424821200874169,common bluebottle graphium sarpedon i finally found it after so many years hazarikhil wildlife sanctuary chittagong bangladesh,february 2025,2,2025.0,graphium,sarpedon,Common Bluebottle,Hazarikhil Wildlife Sanctuary,22.7059,91.6909
516,9372514786104811,dingy lineblue petrelaea dana  chittagong,february 2025,2,2025.0,petrelaea,dana,Dingy Lineblue,Chittagong,22.4875,91.96333
517,9345479212141702,common pierrot castalius rosimon  chittagong,february 2025,2,2025.0,castalius,rosimon,Common Pierrot,Chittagong,22.4875,91.96333
518,9289552151067742,redbase jezebel delias pasithoe chittagong bangladesh,november 2024,11,2024.0,delias,pasithoe,Red-Base Jezebel,Chittagong,22.4875,91.96333
